configuration,seed,final_mse,final_fitness,best_observed_mse,generation_best,generations_run,runtime_s,ga_elapsed_s,stop_reason,source,saved_config
boltzmann_one_point_gene_t50_p30_g300_6e1f0fe7226b,1,0.06758323638964335,0.9366951127687274,0.06736129280301621,274,300,4.980915624997579,4.451374916010536,maximum generations reached,/Users/hannahkalager/72.27-Delivery-2/results/pilot_argentina_100/boltzmann_one_point_gene_t50_p30_g300_6e1f0fe7226b/seed_1/triangles.json,"{""boltzmann_temperature"": 1.0, ""crossover_method"": ""one_point"", ""crossover_rate"": 0.9, ""extra"": {}, ""min_error"": null, ""mutation_method"": ""gene"", ""mutation_rate"": 0.05, ""n_generations"": 300, ""n_triangles"": 50, ""population_size"": 30, ""random_seed"": 1, ""selection_method"": ""boltzmann"", ""survival_strategy"": ""additive"", ""target_image_path"": ""/Users/hannahkalager/72.27-Delivery-2/data/flag_100.png"", ""tournament_probability"": 0.75, ""tournament_size"": 3}"
boltzmann_one_point_gene_t50_p30_g300_6e1f0fe7226b,2,0.07938583753973864,0.9264527708454243,0.07938583753973864,300,300,5.07022799999686,4.511210500000743,maximum generations reached,/Users/hannahkalager/72.27-Delivery-2/results/pilot_argentina_100/boltzmann_one_point_gene_t50_p30_g300_6e1f0fe7226b/seed_2/triangles.json,"{""boltzmann_temperature"": 1.0, ""crossover_method"": ""one_point"", ""crossover_rate"": 0.9, ""extra"": {}, ""min_error"": null, ""mutation_method"": ""gene"", ""mutation_rate"": 0.05, ""n_generations"": 300, ""n_triangles"": 50, ""population_size"": 30, ""random_seed"": 2, ""selection_method"": ""boltzmann"", ""survival_strategy"": ""additive"", ""target_image_path"": ""/Users/hannahkalager/72.27-Delivery-2/data/flag_100.png"", ""tournament_probability"": 0.75, ""tournament_size"": 3}"
boltzmann_one_point_gene_t50_p30_g300_6e1f0fe7226b,3,0.07401746640043325,0.9310835543033555,0.071722986609782,249,300,4.85382279199257,4.31158283300465,maximum generations reached,/Users/hannahkalager/72.27-Delivery-2/results/pilot_argentina_100/boltzmann_one_point_gene_t50_p30_g300_6e1f0fe7226b/seed_3/triangles.json,"{""boltzmann_temperature"": 1.0, ""crossover_method"": ""one_point"", ""crossover_rate"": 0.9, ""extra"": {}, ""min_error"": null, ""mutation_method"": ""gene"", ""mutation_rate"": 0.05, ""n_generations"": 300, ""n_triangles"": 50, ""population_size"": 30, ""random_seed"": 3, ""selection_method"": ""boltzmann"", ""survival_strategy"": ""additive"", ""target_image_path"": ""/Users/hannahkalager/72.27-Delivery-2/data/flag_100.png"", ""tournament_probability"": 0.75, ""tournament_size"": 3}"
boltzmann_one_point_gene_t50_p30_g300_6e1f0fe7226b,4,0.07109518588797527,0.9336238395759057,0.07101119503251438,257,300,5.115097416011849,4.54686975000368,maximum generations reached,/Users/hannahkalager/72.27-Delivery-2/results/pilot_argentina_100/boltzmann_one_point_gene_t50_p30_g300_6e1f0fe7226b/seed_4/triangles.json,"{""boltzmann_temperature"": 1.0, ""crossover_method"": ""one_point"", ""crossover_rate"": 0.9, ""extra"": {}, ""min_error"": null, ""mutation_method"": ""gene"", ""mutation_rate"": 0.05, ""n_generations"": 300, ""n_triangles"": 50, ""population_size"": 30, ""random_seed"": 4, ""selection_method"": ""boltzmann"", ""survival_strategy"": ""additive"", ""target_image_path"": ""/Users/hannahkalager/72.27-Delivery-2/data/flag_100.png"", ""tournament_probability"": 0.75, ""tournament_size"": 3}"
boltzmann_one_point_gene_t50_p30_g300_6e1f0fe7226b,5,0.07261621626090875,0.9322999082430009,0.07105411979676965,280,300,4.6891361250018235,4.162556208000751,maximum generations reached,/Users/hannahkalager/72.27-Delivery-2/results/pilot_argentina_100/boltzmann_one_point_gene_t50_p30_g300_6e1f0fe7226b/seed_5/triangles.json,"{""boltzmann_temperature"": 1.0, ""crossover_method"": ""one_point"", ""crossover_rate"": 0.9, ""extra"": {}, ""min_error"": null, ""mutation_method"": ""gene"", ""mutation_rate"": 0.05, ""n_generations"": 300, ""n_triangles"": 50, ""population_size"": 30, ""random_seed"": 5, ""selection_method"": ""boltzmann"", ""survival_strategy"": ""additive"", ""target_image_path"": ""/Users/hannahkalager/72.27-Delivery-2/data/flag_100.png"", ""tournament_probability"": 0.75, ""tournament_size"": 3}"
elite_one_point_gene_t50_p30_g300_8e05d8cbd25f,1,0.0597292852624921,0.9436372231161875,0.0597292852624921,300,300,5.120020458998624,4.39025149999361,maximum generations reached,/Users/hannahkalager/72.27-Delivery-2/results/pilot_argentina_100/elite_one_point_gene_t50_p30_g300_8e05d8cbd25f/seed_1/triangles.json,"{""boltzmann_temperature"": 1.0, ""crossover_method"": ""one_point"", ""crossover_rate"": 0.9, ""extra"": {}, ""min_error"": null, ""mutation_method"": ""gene"", ""mutation_rate"": 0.05, ""n_generations"": 300, ""n_triangles"": 50, ""population_size"": 30, ""random_seed"": 1, ""selection_method"": ""elite"", ""survival_strategy"": ""additive"", ""target_image_path"": ""/Users/hannahkalager/72.27-Delivery-2/data/flag_100.png"", ""tournament_probability"": 0.75, ""tournament_size"": 3}"
elite_one_point_gene_t50_p30_g300_8e05d8cbd25f,2,0.05813324403765301,0.9450605636244576,0.05813324403765301,300,300,5.10148116700293,4.4853234589973,maximum generations reached,/Users/hannahkalager/72.27-Delivery-2/results/pilot_argentina_100/elite_one_point_gene_t50_p30_g300_8e05d8cbd25f/seed_2/triangles.json,"{""boltzmann_temperature"": 1.0, ""crossover_method"": ""one_point"", ""crossover_rate"": 0.9, ""extra"": {}, ""min_error"": null, ""mutation_method"": ""gene"", ""mutation_rate"": 0.05, ""n_generations"": 300, ""n_triangles"": 50, ""population_size"": 30, ""random_seed"": 2, ""selection_method"": ""elite"", ""survival_strategy"": ""additive"", ""target_image_path"": ""/Users/hannahkalager/72.27-Delivery-2/data/flag_100.png"", ""tournament_probability"": 0.75, ""tournament_size"": 3}"
elite_one_point_gene_t50_p30_g300_8e05d8cbd25f,3,0.05677725440587367,0.9462732054752692,0.05677725440587367,297,300,5.713183208004921,5.088176292003482,maximum generations reached,/Users/hannahkalager/72.27-Delivery-2/results/pilot_argentina_100/elite_one_point_gene_t50_p30_g300_8e05d8cbd25f/seed_3/triangles.json,"{""boltzmann_temperature"": 1.0, ""crossover_method"": ""one_point"", ""crossover_rate"": 0.9, ""extra"": {}, ""min_error"": null, ""mutation_method"": ""gene"", ""mutation_rate"": 0.05, ""n_generations"": 300, ""n_triangles"": 50, ""population_size"": 30, ""random_seed"": 3, ""selection_method"": ""elite"", ""survival_strategy"": ""additive"", ""target_image_path"": ""/Users/hannahkalager/72.27-Delivery-2/data/flag_100.png"", ""tournament_probability"": 0.75, ""tournament_size"": 3}"
elite_one_point_gene_t50_p30_g300_8e05d8cbd25f,4,0.056812494780750164,0.9462416511336416,0.056812494780750164,300,300,5.09954787499737,4.3572024579916615,maximum generations reached,/Users/hannahkalager/72.27-Delivery-2/results/pilot_argentina_100/elite_one_point_gene_t50_p30_g300_8e05d8cbd25f/seed_4/triangles.json,"{""boltzmann_temperature"": 1.0, ""crossover_method"": ""one_point"", ""crossover_rate"": 0.9, ""extra"": {}, ""min_error"": null, ""mutation_method"": ""gene"", ""mutation_rate"": 0.05, ""n_generations"": 300, ""n_triangles"": 50, ""population_size"": 30, ""random_seed"": 4, ""selection_method"": ""elite"", ""survival_strategy"": ""additive"", ""target_image_path"": ""/Users/hannahkalager/72.27-Delivery-2/data/flag_100.png"", ""tournament_probability"": 0.75, ""tournament_size"": 3}"
elite_one_point_gene_t50_p30_g300_8e05d8cbd25f,5,0.05371071672185636,0.9490270755820411,0.05371071672185636,298,300,5.583321124999202,4.7181517080025515,maximum generations reached,/Users/hannahkalager/72.27-Delivery-2/results/pilot_argentina_100/elite_one_point_gene_t50_p30_g300_8e05d8cbd25f/seed_5/triangles.json,"{""boltzmann_temperature"": 1.0, ""crossover_method"": ""one_point"", ""crossover_rate"": 0.9, ""extra"": {}, ""min_error"": null, ""mutation_method"": ""gene"", ""mutation_rate"": 0.05, ""n_generations"": 300, ""n_triangles"": 50, ""population_size"": 30, ""random_seed"": 5, ""selection_method"": ""elite"", ""survival_strategy"": ""additive"", ""target_image_path"": ""/Users/hannahkalager/72.27-Delivery-2/data/flag_100.png"", ""tournament_probability"": 0.75, ""tournament_size"": 3}"
ranking_one_point_gene_t50_p30_g300_26cbf9f5bf53,1,0.05464935157280286,0.9481824442490729,0.05464935157280286,296,300,4.7402919590094825,4.177201833008439,maximum generations reached,/Users/hannahkalager/72.27-Delivery-2/results/pilot_argentina_100/ranking_one_point_gene_t50_p30_g300_26cbf9f5bf53/seed_1/triangles.json,"{""boltzmann_temperature"": 1.0, ""crossover_method"": ""one_point"", ""crossover_rate"": 0.9, ""extra"": {}, ""min_error"": null, ""mutation_method"": ""gene"", ""mutation_rate"": 0.05, ""n_generations"": 300, ""n_triangles"": 50, ""population_size"": 30, ""random_seed"": 1, ""selection_method"": ""ranking"", ""survival_strategy"": ""additive"", ""target_image_path"": ""/Users/hannahkalager/72.27-Delivery-2/data/flag_100.png"", ""tournament_probability"": 0.75, ""tournament_size"": 3}"
ranking_one_point_gene_t50_p30_g300_26cbf9f5bf53,2,0.06979026511722126,0.9347626657365646,0.06970207240391413,292,300,4.689640459007933,4.160022290991037,maximum generations reached,/Users/hannahkalager/72.27-Delivery-2/results/pilot_argentina_100/ranking_one_point_gene_t50_p30_g300_26cbf9f5bf53/seed_2/triangles.json,"{""boltzmann_temperature"": 1.0, ""crossover_method"": ""one_point"", ""crossover_rate"": 0.9, ""extra"": {}, ""min_error"": null, ""mutation_method"": ""gene"", ""mutation_rate"": 0.05, ""n_generations"": 300, ""n_triangles"": 50, ""population_size"": 30, ""random_seed"": 2, ""selection_method"": ""ranking"", ""survival_strategy"": ""additive"", ""target_image_path"": ""/Users/hannahkalager/72.27-Delivery-2/data/flag_100.png"", ""tournament_probability"": 0.75, ""tournament_size"": 3}"
ranking_one_point_gene_t50_p30_g300_26cbf9f5bf53,3,0.06272866928766026,0.9409739559113364,0.06272866928766026,298,300,4.654494957998395,4.110181249998277,maximum generations reached,/Users/hannahkalager/72.27-Delivery-2/results/pilot_argentina_100/ranking_one_point_gene_t50_p30_g300_26cbf9f5bf53/seed_3/triangles.json,"{""boltzmann_temperature"": 1.0, ""crossover_method"": ""one_point"", ""crossover_rate"": 0.9, ""extra"": {}, ""min_error"": null, ""mutation_method"": ""gene"", ""mutation_rate"": 0.05, ""n_generations"": 300, ""n_triangles"": 50, ""population_size"": 30, ""random_seed"": 3, ""selection_method"": ""ranking"", ""survival_strategy"": ""additive"", ""target_image_path"": ""/Users/hannahkalager/72.27-Delivery-2/data/flag_100.png"", ""tournament_probability"": 0.75, ""tournament_size"": 3}"
ranking_one_point_gene_t50_p30_g300_26cbf9f5bf53,4,0.06368583381908531,0.9401272144516337,0.06368583381908531,300,300,4.640036124998005,4.111697707994608,maximum generations reached,/Users/hannahkalager/72.27-Delivery-2/results/pilot_argentina_100/ranking_one_point_gene_t50_p30_g300_26cbf9f5bf53/seed_4/triangles.json,"{""boltzmann_temperature"": 1.0, ""crossover_method"": ""one_point"", ""crossover_rate"": 0.9, ""extra"": {}, ""min_error"": null, ""mutation_method"": ""gene"", ""mutation_rate"": 0.05, ""n_generations"": 300, ""n_triangles"": 50, ""population_size"": 30, ""random_seed"": 4, ""selection_method"": ""ranking"", ""survival_strategy"": ""additive"", ""target_image_path"": ""/Users/hannahkalager/72.27-Delivery-2/data/flag_100.png"", ""tournament_probability"": 0.75, ""tournament_size"": 3}"
ranking_one_point_gene_t50_p30_g300_26cbf9f5bf53,5,0.05772008946104269,0.9454297124199902,0.05772008946104269,300,300,4.849269958998775,4.302773832998355,maximum generations reached,/Users/hannahkalager/72.27-Delivery-2/results/pilot_argentina_100/ranking_one_point_gene_t50_p30_g300_26cbf9f5bf53/seed_5/triangles.json,"{""boltzmann_temperature"": 1.0, ""crossover_method"": ""one_point"", ""crossover_rate"": 0.9, ""extra"": {}, ""min_error"": null, ""mutation_method"": ""gene"", ""mutation_rate"": 0.05, ""n_generations"": 300, ""n_triangles"": 50, ""population_size"": 30, ""random_seed"": 5, ""selection_method"": ""ranking"", ""survival_strategy"": ""additive"", ""target_image_path"": ""/Users/hannahkalager/72.27-Delivery-2/data/flag_100.png"", ""tournament_probability"": 0.75, ""tournament_size"": 3}"
roulette_one_point_gene_t50_p30_g300_0f89922a8f3e,1,0.06758323638964335,0.9366951127687274,0.06736129280301621,274,300,4.860900750005385,4.312985915996251,maximum generations reached,/Users/hannahkalager/72.27-Delivery-2/results/pilot_argentina_100/roulette_one_point_gene_t50_p30_g300_0f89922a8f3e/seed_1/triangles.json,"{""boltzmann_temperature"": 1.0, ""crossover_method"": ""one_point"", ""crossover_rate"": 0.9, ""extra"": {}, ""min_error"": null, ""mutation_method"": ""gene"", ""mutation_rate"": 0.05, ""n_generations"": 300, ""n_triangles"": 50, ""population_size"": 30, ""random_seed"": 1, ""selection_method"": ""roulette"", ""survival_strategy"": ""additive"", ""target_image_path"": ""/Users/hannahkalager/72.27-Delivery-2/data/flag_100.png"", ""tournament_probability"": 0.75, ""tournament_size"": 3}"
roulette_one_point_gene_t50_p30_g300_0f89922a8f3e,2,0.07938583753973864,0.9264527708454243,0.07938583753973864,300,300,4.663264167000307,4.125445958998171,maximum generations reached,/Users/hannahkalager/72.27-Delivery-2/results/pilot_argentina_100/roulette_one_point_gene_t50_p30_g300_0f89922a8f3e/seed_2/triangles.json,"{""boltzmann_temperature"": 1.0, ""crossover_method"": ""one_point"", ""crossover_rate"": 0.9, ""extra"": {}, ""min_error"": null, ""mutation_method"": ""gene"", ""mutation_rate"": 0.05, ""n_generations"": 300, ""n_triangles"": 50, ""population_size"": 30, ""random_seed"": 2, ""selection_method"": ""roulette"", ""survival_strategy"": ""additive"", ""target_image_path"": ""/Users/hannahkalager/72.27-Delivery-2/data/flag_100.png"", ""tournament_probability"": 0.75, ""tournament_size"": 3}"
roulette_one_point_gene_t50_p30_g300_0f89922a8f3e,3,0.07401746640043325,0.9310835543033555,0.071722986609782,249,300,5.128030791995116,4.508908125004382,maximum generations reached,/Users/hannahkalager/72.27-Delivery-2/results/pilot_argentina_100/roulette_one_point_gene_t50_p30_g300_0f89922a8f3e/seed_3/triangles.json,"{""boltzmann_temperature"": 1.0, ""crossover_method"": ""one_point"", ""crossover_rate"": 0.9, ""extra"": {}, ""min_error"": null, ""mutation_method"": ""gene"", ""mutation_rate"": 0.05, ""n_generations"": 300, ""n_triangles"": 50, ""population_size"": 30, ""random_seed"": 3, ""selection_method"": ""roulette"", ""survival_strategy"": ""additive"", ""target_image_path"": ""/Users/hannahkalager/72.27-Delivery-2/data/flag_100.png"", ""tournament_probability"": 0.75, ""tournament_size"": 3}"
roulette_one_point_gene_t50_p30_g300_0f89922a8f3e,4,0.07109518588797527,0.9336238395759057,0.07101119503251438,257,300,4.887579041998833,4.301190708996728,maximum generations reached,/Users/hannahkalager/72.27-Delivery-2/results/pilot_argentina_100/roulette_one_point_gene_t50_p30_g300_0f89922a8f3e/seed_4/triangles.json,"{""boltzmann_temperature"": 1.0, ""crossover_method"": ""one_point"", ""crossover_rate"": 0.9, ""extra"": {}, ""min_error"": null, ""mutation_method"": ""gene"", ""mutation_rate"": 0.05, ""n_generations"": 300, ""n_triangles"": 50, ""population_size"": 30, ""random_seed"": 4, ""selection_method"": ""roulette"", ""survival_strategy"": ""additive"", ""target_image_path"": ""/Users/hannahkalager/72.27-Delivery-2/data/flag_100.png"", ""tournament_probability"": 0.75, ""tournament_size"": 3}"
roulette_one_point_gene_t50_p30_g300_0f89922a8f3e,5,0.07261621626090875,0.9322999082430009,0.07105411979676965,280,300,6.054828874999657,5.289192208001623,maximum generations reached,/Users/hannahkalager/72.27-Delivery-2/results/pilot_argentina_100/roulette_one_point_gene_t50_p30_g300_0f89922a8f3e/seed_5/triangles.json,"{""boltzmann_temperature"": 1.0, ""crossover_method"": ""one_point"", ""crossover_rate"": 0.9, ""extra"": {}, ""min_error"": null, ""mutation_method"": ""gene"", ""mutation_rate"": 0.05, ""n_generations"": 300, ""n_triangles"": 50, ""population_size"": 30, ""random_seed"": 5, ""selection_method"": ""roulette"", ""survival_strategy"": ""additive"", ""target_image_path"": ""/Users/hannahkalager/72.27-Delivery-2/data/flag_100.png"", ""tournament_probability"": 0.75, ""tournament_size"": 3}"
tournament_deterministic_one_point_gene_t50_p30_g300_b4dd43166bda,1,0.06240728338562918,0.9412586073518315,0.06240728338562918,298,300,4.711851667001611,4.167910333009786,maximum generations reached,/Users/hannahkalager/72.27-Delivery-2/results/pilot_argentina_100/tournament_deterministic_one_point_gene_t50_p30_g300_b4dd43166bda/seed_1/triangles.json,"{""boltzmann_temperature"": 1.0, ""crossover_method"": ""one_point"", ""crossover_rate"": 0.9, ""extra"": {}, ""min_error"": null, ""mutation_method"": ""gene"", ""mutation_rate"": 0.05, ""n_generations"": 300, ""n_triangles"": 50, ""population_size"": 30, ""random_seed"": 1, ""selection_method"": ""tournament_deterministic"", ""survival_strategy"": ""additive"", ""target_image_path"": ""/Users/hannahkalager/72.27-Delivery-2/data/flag_100.png"", ""tournament_probability"": 0.75, ""tournament_size"": 3}"
tournament_deterministic_one_point_gene_t50_p30_g300_b4dd43166bda,2,0.05589817894688974,0.9470610139676153,0.05589817894688974,300,300,4.799694041998009,4.247747500005062,maximum generations reached,/Users/hannahkalager/72.27-Delivery-2/results/pilot_argentina_100/tournament_deterministic_one_point_gene_t50_p30_g300_b4dd43166bda/seed_2/triangles.json,"{""boltzmann_temperature"": 1.0, ""crossover_method"": ""one_point"", ""crossover_rate"": 0.9, ""extra"": {}, ""min_error"": null, ""mutation_method"": ""gene"", ""mutation_rate"": 0.05, ""n_generations"": 300, ""n_triangles"": 50, ""population_size"": 30, ""random_seed"": 2, ""selection_method"": ""tournament_deterministic"", ""survival_strategy"": ""additive"", ""target_image_path"": ""/Users/hannahkalager/72.27-Delivery-2/data/flag_100.png"", ""tournament_probability"": 0.75, ""tournament_size"": 3}"
tournament_deterministic_one_point_gene_t50_p30_g300_b4dd43166bda,3,0.04707692078729025,0.9550396729670123,0.04707692078729025,300,300,4.747725624998566,4.193442999996478,maximum generations reached,/Users/hannahkalager/72.27-Delivery-2/results/pilot_argentina_100/tournament_deterministic_one_point_gene_t50_p30_g300_b4dd43166bda/seed_3/triangles.json,"{""boltzmann_temperature"": 1.0, ""crossover_method"": ""one_point"", ""crossover_rate"": 0.9, ""extra"": {}, ""min_error"": null, ""mutation_method"": ""gene"", ""mutation_rate"": 0.05, ""n_generations"": 300, ""n_triangles"": 50, ""population_size"": 30, ""random_seed"": 3, ""selection_method"": ""tournament_deterministic"", ""survival_strategy"": ""additive"", ""target_image_path"": ""/Users/hannahkalager/72.27-Delivery-2/data/flag_100.png"", ""tournament_probability"": 0.75, ""tournament_size"": 3}"
tournament_deterministic_one_point_gene_t50_p30_g300_b4dd43166bda,4,0.052305830263794324,0.95029407919304,0.052305830263794324,297,300,4.781002125004306,4.244977291993564,maximum generations reached,/Users/hannahkalager/72.27-Delivery-2/results/pilot_argentina_100/tournament_deterministic_one_point_gene_t50_p30_g300_b4dd43166bda/seed_4/triangles.json,"{""boltzmann_temperature"": 1.0, ""crossover_method"": ""one_point"", ""crossover_rate"": 0.9, ""extra"": {}, ""min_error"": null, ""mutation_method"": ""gene"", ""mutation_rate"": 0.05, ""n_generations"": 300, ""n_triangles"": 50, ""population_size"": 30, ""random_seed"": 4, ""selection_method"": ""tournament_deterministic"", ""survival_strategy"": ""additive"", ""target_image_path"": ""/Users/hannahkalager/72.27-Delivery-2/data/flag_100.png"", ""tournament_probability"": 0.75, ""tournament_size"": 3}"
tournament_deterministic_one_point_gene_t50_p30_g300_b4dd43166bda,5,0.03919153179298285,0.962286517360892,0.03919153179298285,300,300,4.734882250006194,4.192721458995948,maximum generations reached,/Users/hannahkalager/72.27-Delivery-2/results/pilot_argentina_100/tournament_deterministic_one_point_gene_t50_p30_g300_b4dd43166bda/seed_5/triangles.json,"{""boltzmann_temperature"": 1.0, ""crossover_method"": ""one_point"", ""crossover_rate"": 0.9, ""extra"": {}, ""min_error"": null, ""mutation_method"": ""gene"", ""mutation_rate"": 0.05, ""n_generations"": 300, ""n_triangles"": 50, ""population_size"": 30, ""random_seed"": 5, ""selection_method"": ""tournament_deterministic"", ""survival_strategy"": ""additive"", ""target_image_path"": ""/Users/hannahkalager/72.27-Delivery-2/data/flag_100.png"", ""tournament_probability"": 0.75, ""tournament_size"": 3}"
tournament_probabilistic_one_point_gene_t50_p30_g300_fa29422fb404,1,0.052997087141835444,0.9496702433568109,0.052997087141835444,300,300,4.726117582991719,4.1848321669967845,maximum generations reached,/Users/hannahkalager/72.27-Delivery-2/results/pilot_argentina_100/tournament_probabilistic_one_point_gene_t50_p30_g300_fa29422fb404/seed_1/triangles.json,"{""boltzmann_temperature"": 1.0, ""crossover_method"": ""one_point"", ""crossover_rate"": 0.9, ""extra"": {}, ""min_error"": null, ""mutation_method"": ""gene"", ""mutation_rate"": 0.05, ""n_generations"": 300, ""n_triangles"": 50, ""population_size"": 30, ""random_seed"": 1, ""selection_method"": ""tournament_probabilistic"", ""survival_strategy"": ""additive"", ""target_image_path"": ""/Users/hannahkalager/72.27-Delivery-2/data/flag_100.png"", ""tournament_probability"": 0.75, ""tournament_size"": 3}"
tournament_probabilistic_one_point_gene_t50_p30_g300_fa29422fb404,2,0.057985839193362344,0.9451922350514896,0.057985839193362344,299,300,4.746006375004072,4.205005833005998,maximum generations reached,/Users/hannahkalager/72.27-Delivery-2/results/pilot_argentina_100/tournament_probabilistic_one_point_gene_t50_p30_g300_fa29422fb404/seed_2/triangles.json,"{""boltzmann_temperature"": 1.0, ""crossover_method"": ""one_point"", ""crossover_rate"": 0.9, ""extra"": {}, ""min_error"": null, ""mutation_method"": ""gene"", ""mutation_rate"": 0.05, ""n_generations"": 300, ""n_triangles"": 50, ""population_size"": 30, ""random_seed"": 2, ""selection_method"": ""tournament_probabilistic"", ""survival_strategy"": ""additive"", ""target_image_path"": ""/Users/hannahkalager/72.27-Delivery-2/data/flag_100.png"", ""tournament_probability"": 0.75, ""tournament_size"": 3}"
tournament_probabilistic_one_point_gene_t50_p30_g300_fa29422fb404,3,0.05784041952433515,0.9453221691506707,0.05784041952433515,300,300,4.785107000003336,4.249477165998542,maximum generations reached,/Users/hannahkalager/72.27-Delivery-2/results/pilot_argentina_100/tournament_probabilistic_one_point_gene_t50_p30_g300_fa29422fb404/seed_3/triangles.json,"{""boltzmann_temperature"": 1.0, ""crossover_method"": ""one_point"", ""crossover_rate"": 0.9, ""extra"": {}, ""min_error"": null, ""mutation_method"": ""gene"", ""mutation_rate"": 0.05, ""n_generations"": 300, ""n_triangles"": 50, ""population_size"": 30, ""random_seed"": 3, ""selection_method"": ""tournament_probabilistic"", ""survival_strategy"": ""additive"", ""target_image_path"": ""/Users/hannahkalager/72.27-Delivery-2/data/flag_100.png"", ""tournament_probability"": 0.75, ""tournament_size"": 3}"
tournament_probabilistic_one_point_gene_t50_p30_g300_fa29422fb404,4,0.05404015081048232,0.9487304627163118,0.05404015081048232,299,300,4.753342041003634,4.205057625003974,maximum generations reached,/Users/hannahkalager/72.27-Delivery-2/results/pilot_argentina_100/tournament_probabilistic_one_point_gene_t50_p30_g300_fa29422fb404/seed_4/triangles.json,"{""boltzmann_temperature"": 1.0, ""crossover_method"": ""one_point"", ""crossover_rate"": 0.9, ""extra"": {}, ""min_error"": null, ""mutation_method"": ""gene"", ""mutation_rate"": 0.05, ""n_generations"": 300, ""n_triangles"": 50, ""population_size"": 30, ""random_seed"": 4, ""selection_method"": ""tournament_probabilistic"", ""survival_strategy"": ""additive"", ""target_image_path"": ""/Users/hannahkalager/72.27-Delivery-2/data/flag_100.png"", ""tournament_probability"": 0.75, ""tournament_size"": 3}"
tournament_probabilistic_one_point_gene_t50_p30_g300_fa29422fb404,5,0.05171630514318314,0.9508267534787889,0.05171630514318314,300,300,4.780994207991171,4.239276832988253,maximum generations reached,/Users/hannahkalager/72.27-Delivery-2/results/pilot_argentina_100/tournament_probabilistic_one_point_gene_t50_p30_g300_fa29422fb404/seed_5/triangles.json,"{""boltzmann_temperature"": 1.0, ""crossover_method"": ""one_point"", ""crossover_rate"": 0.9, ""extra"": {}, ""min_error"": null, ""mutation_method"": ""gene"", ""mutation_rate"": 0.05, ""n_generations"": 300, ""n_triangles"": 50, ""population_size"": 30, ""random_seed"": 5, ""selection_method"": ""tournament_probabilistic"", ""survival_strategy"": ""additive"", ""target_image_path"": ""/Users/hannahkalager/72.27-Delivery-2/data/flag_100.png"", ""tournament_probability"": 0.75, ""tournament_size"": 3}"
universal_one_point_gene_t50_p30_g300_3de0012443e8,1,0.05441252123872953,0.94839541437273,0.05441252123872953,297,300,4.817756457996438,4.251957166008651,maximum generations reached,/Users/hannahkalager/72.27-Delivery-2/results/pilot_argentina_100/universal_one_point_gene_t50_p30_g300_3de0012443e8/seed_1/triangles.json,"{""boltzmann_temperature"": 1.0, ""crossover_method"": ""one_point"", ""crossover_rate"": 0.9, ""extra"": {}, ""min_error"": null, ""mutation_method"": ""gene"", ""mutation_rate"": 0.05, ""n_generations"": 300, ""n_triangles"": 50, ""population_size"": 30, ""random_seed"": 1, ""selection_method"": ""universal"", ""survival_strategy"": ""additive"", ""target_image_path"": ""/Users/hannahkalager/72.27-Delivery-2/data/flag_100.png"", ""tournament_probability"": 0.75, ""tournament_size"": 3}"
universal_one_point_gene_t50_p30_g300_3de0012443e8,2,0.058752393000210845,0.944507900630361,0.058752393000210845,300,300,4.866465333005181,4.313188875006745,maximum generations reached,/Users/hannahkalager/72.27-Delivery-2/results/pilot_argentina_100/universal_one_point_gene_t50_p30_g300_3de0012443e8/seed_2/triangles.json,"{""boltzmann_temperature"": 1.0, ""crossover_method"": ""one_point"", ""crossover_rate"": 0.9, ""extra"": {}, ""min_error"": null, ""mutation_method"": ""gene"", ""mutation_rate"": 0.05, ""n_generations"": 300, ""n_triangles"": 50, ""population_size"": 30, ""random_seed"": 2, ""selection_method"": ""universal"", ""survival_strategy"": ""additive"", ""target_image_path"": ""/Users/hannahkalager/72.27-Delivery-2/data/flag_100.png"", ""tournament_probability"": 0.75, ""tournament_size"": 3}"
universal_one_point_gene_t50_p30_g300_3de0012443e8,3,0.05683538424013923,0.9462211569675975,0.05683538424013923,300,300,5.128834999995888,4.501636207991396,maximum generations reached,/Users/hannahkalager/72.27-Delivery-2/results/pilot_argentina_100/universal_one_point_gene_t50_p30_g300_3de0012443e8/seed_3/triangles.json,"{""boltzmann_temperature"": 1.0, ""crossover_method"": ""one_point"", ""crossover_rate"": 0.9, ""extra"": {}, ""min_error"": null, ""mutation_method"": ""gene"", ""mutation_rate"": 0.05, ""n_generations"": 300, ""n_triangles"": 50, ""population_size"": 30, ""random_seed"": 3, ""selection_method"": ""universal"", ""survival_strategy"": ""additive"", ""target_image_path"": ""/Users/hannahkalager/72.27-Delivery-2/data/flag_100.png"", ""tournament_probability"": 0.75, ""tournament_size"": 3}"
universal_one_point_gene_t50_p30_g300_3de0012443e8,4,0.05218127849917112,0.9504065700792526,0.05218127849917112,298,300,4.67963229099405,4.120544833000167,maximum generations reached,/Users/hannahkalager/72.27-Delivery-2/results/pilot_argentina_100/universal_one_point_gene_t50_p30_g300_3de0012443e8/seed_4/triangles.json,"{""boltzmann_temperature"": 1.0, ""crossover_method"": ""one_point"", ""crossover_rate"": 0.9, ""extra"": {}, ""min_error"": null, ""mutation_method"": ""gene"", ""mutation_rate"": 0.05, ""n_generations"": 300, ""n_triangles"": 50, ""population_size"": 30, ""random_seed"": 4, ""selection_method"": ""universal"", ""survival_strategy"": ""additive"", ""target_image_path"": ""/Users/hannahkalager/72.27-Delivery-2/data/flag_100.png"", ""tournament_probability"": 0.75, ""tournament_size"": 3}"
universal_one_point_gene_t50_p30_g300_3de0012443e8,5,0.056214211242160785,0.946777641652776,0.056214211242160785,296,300,4.666508957991027,4.130797417004942,maximum generations reached,/Users/hannahkalager/72.27-Delivery-2/results/pilot_argentina_100/universal_one_point_gene_t50_p30_g300_3de0012443e8/seed_5/triangles.json,"{""boltzmann_temperature"": 1.0, ""crossover_method"": ""one_point"", ""crossover_rate"": 0.9, ""extra"": {}, ""min_error"": null, ""mutation_method"": ""gene"", ""mutation_rate"": 0.05, ""n_generations"": 300, ""n_triangles"": 50, ""population_size"": 30, ""random_seed"": 5, ""selection_method"": ""universal"", ""survival_strategy"": ""additive"", ""target_image_path"": ""/Users/hannahkalager/72.27-Delivery-2/data/flag_100.png"", ""tournament_probability"": 0.75, ""tournament_size"": 3}"
elite_two_point_gene_t50_p30_g300_c377ade44ded,1,0.04790246017867404,0.9542872910418531,0.04790246017867404,296,300,4.75263183399511,4.1684933329961495,maximum generations reached,/Users/hannahkalager/72.27-Delivery-2/results/pilot_argentina_100/elite_two_point_gene_t50_p30_g300_c377ade44ded/seed_1/triangles.json,"{""boltzmann_temperature"": 1.0, ""crossover_method"": ""two_point"", ""crossover_rate"": 0.9, ""extra"": {}, ""min_error"": null, ""mutation_method"": ""gene"", ""mutation_rate"": 0.05, ""n_generations"": 300, ""n_triangles"": 50, ""population_size"": 30, ""random_seed"": 1, ""selection_method"": ""elite"", ""survival_strategy"": ""additive"", ""target_image_path"": ""/Users/hannahkalager/72.27-Delivery-2/data/flag_100.png"", ""tournament_probability"": 0.75, ""tournament_size"": 3}"
elite_two_point_gene_t50_p30_g300_c377ade44ded,2,0.06655220366029609,0.9376006130483854,0.06655220366029609,294,300,4.708819082996342,4.145602584001608,maximum generations reached,/Users/hannahkalager/72.27-Delivery-2/results/pilot_argentina_100/elite_two_point_gene_t50_p30_g300_c377ade44ded/seed_2/triangles.json,"{""boltzmann_temperature"": 1.0, ""crossover_method"": ""two_point"", ""crossover_rate"": 0.9, ""extra"": {}, ""min_error"": null, ""mutation_method"": ""gene"", ""mutation_rate"": 0.05, ""n_generations"": 300, ""n_triangles"": 50, ""population_size"": 30, ""random_seed"": 2, ""selection_method"": ""elite"", ""survival_strategy"": ""additive"", ""target_image_path"": ""/Users/hannahkalager/72.27-Delivery-2/data/flag_100.png"", ""tournament_probability"": 0.75, ""tournament_size"": 3}"
elite_two_point_gene_t50_p30_g300_c377ade44ded,3,0.050937557515099645,0.9515313187250254,0.050937557515099645,295,300,4.704312165995361,4.137909583005239,maximum generations reached,/Users/hannahkalager/72.27-Delivery-2/results/pilot_argentina_100/elite_two_point_gene_t50_p30_g300_c377ade44ded/seed_3/triangles.json,"{""boltzmann_temperature"": 1.0, ""crossover_method"": ""two_point"", ""crossover_rate"": 0.9, ""extra"": {}, ""min_error"": null, ""mutation_method"": ""gene"", ""mutation_rate"": 0.05, ""n_generations"": 300, ""n_triangles"": 50, ""population_size"": 30, ""random_seed"": 3, ""selection_method"": ""elite"", ""survival_strategy"": ""additive"", ""target_image_path"": ""/Users/hannahkalager/72.27-Delivery-2/data/flag_100.png"", ""tournament_probability"": 0.75, ""tournament_size"": 3}"
elite_two_point_gene_t50_p30_g300_c377ade44ded,4,0.0538604812871807,0.9488922089369972,0.0538604812871807,300,300,4.705462832993362,4.141832124994835,maximum generations reached,/Users/hannahkalager/72.27-Delivery-2/results/pilot_argentina_100/elite_two_point_gene_t50_p30_g300_c377ade44ded/seed_4/triangles.json,"{""boltzmann_temperature"": 1.0, ""crossover_method"": ""two_point"", ""crossover_rate"": 0.9, ""extra"": {}, ""min_error"": null, ""mutation_method"": ""gene"", ""mutation_rate"": 0.05, ""n_generations"": 300, ""n_triangles"": 50, ""population_size"": 30, ""random_seed"": 4, ""selection_method"": ""elite"", ""survival_strategy"": ""additive"", ""target_image_path"": ""/Users/hannahkalager/72.27-Delivery-2/data/flag_100.png"", ""tournament_probability"": 0.75, ""tournament_size"": 3}"
elite_two_point_gene_t50_p30_g300_c377ade44ded,5,0.048016801643701965,0.9541831757197091,0.048016801643701965,300,300,4.701276583989966,4.147366541001247,maximum generations reached,/Users/hannahkalager/72.27-Delivery-2/results/pilot_argentina_100/elite_two_point_gene_t50_p30_g300_c377ade44ded/seed_5/triangles.json,"{""boltzmann_temperature"": 1.0, ""crossover_method"": ""two_point"", ""crossover_rate"": 0.9, ""extra"": {}, ""min_error"": null, ""mutation_method"": ""gene"", ""mutation_rate"": 0.05, ""n_generations"": 300, ""n_triangles"": 50, ""population_size"": 30, ""random_seed"": 5, ""selection_method"": ""elite"", ""survival_strategy"": ""additive"", ""target_image_path"": ""/Users/hannahkalager/72.27-Delivery-2/data/flag_100.png"", ""tournament_probability"": 0.75, ""tournament_size"": 3}"
elite_uniform_gene_t50_p30_g300_fafec42a0d02,1,0.04316307127531594,0.9586228917952904,0.04316307127531594,295,300,5.2395173749973765,4.655511250006384,maximum generations reached,/Users/hannahkalager/72.27-Delivery-2/results/pilot_argentina_100/elite_uniform_gene_t50_p30_g300_fafec42a0d02/seed_1/triangles.json,"{""boltzmann_temperature"": 1.0, ""crossover_method"": ""uniform"", ""crossover_rate"": 0.9, ""extra"": {}, ""min_error"": null, ""mutation_method"": ""gene"", ""mutation_rate"": 0.05, ""n_generations"": 300, ""n_triangles"": 50, ""population_size"": 30, ""random_seed"": 1, ""selection_method"": ""elite"", ""survival_strategy"": ""additive"", ""target_image_path"": ""/Users/hannahkalager/72.27-Delivery-2/data/flag_100.png"", ""tournament_probability"": 0.75, ""tournament_size"": 3}"
elite_uniform_gene_t50_p30_g300_fafec42a0d02,2,0.052994022150289595,0.9496730075997278,0.052994022150289595,296,300,4.731535208004061,4.202034499990987,maximum generations reached,/Users/hannahkalager/72.27-Delivery-2/results/pilot_argentina_100/elite_uniform_gene_t50_p30_g300_fafec42a0d02/seed_2/triangles.json,"{""boltzmann_temperature"": 1.0, ""crossover_method"": ""uniform"", ""crossover_rate"": 0.9, ""extra"": {}, ""min_error"": null, ""mutation_method"": ""gene"", ""mutation_rate"": 0.05, ""n_generations"": 300, ""n_triangles"": 50, ""population_size"": 30, ""random_seed"": 2, ""selection_method"": ""elite"", ""survival_strategy"": ""additive"", ""target_image_path"": ""/Users/hannahkalager/72.27-Delivery-2/data/flag_100.png"", ""tournament_probability"": 0.75, ""tournament_size"": 3}"
elite_uniform_gene_t50_p30_g300_fafec42a0d02,3,0.04635442695737372,0.9556991151725093,0.04635442695737372,300,300,4.783179374993779,4.210449584003072,maximum generations reached,/Users/hannahkalager/72.27-Delivery-2/results/pilot_argentina_100/elite_uniform_gene_t50_p30_g300_fafec42a0d02/seed_3/triangles.json,"{""boltzmann_temperature"": 1.0, ""crossover_method"": ""uniform"", ""crossover_rate"": 0.9, ""extra"": {}, ""min_error"": null, ""mutation_method"": ""gene"", ""mutation_rate"": 0.05, ""n_generations"": 300, ""n_triangles"": 50, ""population_size"": 30, ""random_seed"": 3, ""selection_method"": ""elite"", ""survival_strategy"": ""additive"", ""target_image_path"": ""/Users/hannahkalager/72.27-Delivery-2/data/flag_100.png"", ""tournament_probability"": 0.75, ""tournament_size"": 3}"
elite_uniform_gene_t50_p30_g300_fafec42a0d02,4,0.054492762502428765,0.9483232465502074,0.054492762502428765,296,300,4.73235166700033,4.198616708992631,maximum generations reached,/Users/hannahkalager/72.27-Delivery-2/results/pilot_argentina_100/elite_uniform_gene_t50_p30_g300_fafec42a0d02/seed_4/triangles.json,"{""boltzmann_temperature"": 1.0, ""crossover_method"": ""uniform"", ""crossover_rate"": 0.9, ""extra"": {}, ""min_error"": null, ""mutation_method"": ""gene"", ""mutation_rate"": 0.05, ""n_generations"": 300, ""n_triangles"": 50, ""population_size"": 30, ""random_seed"": 4, ""selection_method"": ""elite"", ""survival_strategy"": ""additive"", ""target_image_path"": ""/Users/hannahkalager/72.27-Delivery-2/data/flag_100.png"", ""tournament_probability"": 0.75, ""tournament_size"": 3}"
elite_uniform_gene_t50_p30_g300_fafec42a0d02,5,0.041330514731720225,0.9603098976290267,0.041330514731720225,295,300,4.928674792012316,4.359142500004964,maximum generations reached,/Users/hannahkalager/72.27-Delivery-2/results/pilot_argentina_100/elite_uniform_gene_t50_p30_g300_fafec42a0d02/seed_5/triangles.json,"{""boltzmann_temperature"": 1.0, ""crossover_method"": ""uniform"", ""crossover_rate"": 0.9, ""extra"": {}, ""min_error"": null, ""mutation_method"": ""gene"", ""mutation_rate"": 0.05, ""n_generations"": 300, ""n_triangles"": 50, ""population_size"": 30, ""random_seed"": 5, ""selection_method"": ""elite"", ""survival_strategy"": ""additive"", ""target_image_path"": ""/Users/hannahkalager/72.27-Delivery-2/data/flag_100.png"", ""tournament_probability"": 0.75, ""tournament_size"": 3}"
elite_one_point_gene_t20_p30_g300_653808404454,1,0.04929202085219497,0.9530235436154734,0.04929202085219497,300,300,2.8903584999934537,2.355682749999687,maximum generations reached,/Users/hannahkalager/72.27-Delivery-2/results/pilot_argentina_100/elite_one_point_gene_t20_p30_g300_653808404454/seed_1/triangles.json,"{""boltzmann_temperature"": 1.0, ""crossover_method"": ""one_point"", ""crossover_rate"": 0.9, ""extra"": {}, ""min_error"": null, ""mutation_method"": ""gene"", ""mutation_rate"": 0.05, ""n_generations"": 300, ""n_triangles"": 20, ""population_size"": 30, ""random_seed"": 1, ""selection_method"": ""elite"", ""survival_strategy"": ""additive"", ""target_image_path"": ""/Users/hannahkalager/72.27-Delivery-2/data/flag_100.png"", ""tournament_probability"": 0.75, ""tournament_size"": 3}"
elite_one_point_gene_t20_p30_g300_653808404454,2,0.05523427052457078,0.9476568643879306,0.05523427052457078,300,300,2.816110291998484,2.2717890409985557,maximum generations reached,/Users/hannahkalager/72.27-Delivery-2/results/pilot_argentina_100/elite_one_point_gene_t20_p30_g300_653808404454/seed_2/triangles.json,"{""boltzmann_temperature"": 1.0, ""crossover_method"": ""one_point"", ""crossover_rate"": 0.9, ""extra"": {}, ""min_error"": null, ""mutation_method"": ""gene"", ""mutation_rate"": 0.05, ""n_generations"": 300, ""n_triangles"": 20, ""population_size"": 30, ""random_seed"": 2, ""selection_method"": ""elite"", ""survival_strategy"": ""additive"", ""target_image_path"": ""/Users/hannahkalager/72.27-Delivery-2/data/flag_100.png"", ""tournament_probability"": 0.75, ""tournament_size"": 3}"
elite_one_point_gene_t20_p30_g300_653808404454,3,0.04537464581447169,0.9565948476021059,0.04537464581447169,300,300,2.8036473329993896,2.266024541997467,maximum generations reached,/Users/hannahkalager/72.27-Delivery-2/results/pilot_argentina_100/elite_one_point_gene_t20_p30_g300_653808404454/seed_3/triangles.json,"{""boltzmann_temperature"": 1.0, ""crossover_method"": ""one_point"", ""crossover_rate"": 0.9, ""extra"": {}, ""min_error"": null, ""mutation_method"": ""gene"", ""mutation_rate"": 0.05, ""n_generations"": 300, ""n_triangles"": 20, ""population_size"": 30, ""random_seed"": 3, ""selection_method"": ""elite"", ""survival_strategy"": ""additive"", ""target_image_path"": ""/Users/hannahkalager/72.27-Delivery-2/data/flag_100.png"", ""tournament_probability"": 0.75, ""tournament_size"": 3}"
elite_one_point_gene_t20_p30_g300_653808404454,4,0.058524248324672484,0.9447114712607682,0.058524248324672484,298,300,2.9323810409987345,2.366961000006995,maximum generations reached,/Users/hannahkalager/72.27-Delivery-2/results/pilot_argentina_100/elite_one_point_gene_t20_p30_g300_653808404454/seed_4/triangles.json,"{""boltzmann_temperature"": 1.0, ""crossover_method"": ""one_point"", ""crossover_rate"": 0.9, ""extra"": {}, ""min_error"": null, ""mutation_method"": ""gene"", ""mutation_rate"": 0.05, ""n_generations"": 300, ""n_triangles"": 20, ""population_size"": 30, ""random_seed"": 4, ""selection_method"": ""elite"", ""survival_strategy"": ""additive"", ""target_image_path"": ""/Users/hannahkalager/72.27-Delivery-2/data/flag_100.png"", ""tournament_probability"": 0.75, ""tournament_size"": 3}"
elite_one_point_gene_t20_p30_g300_653808404454,5,0.0390788141864378,0.9623909046619961,0.0390788141864378,300,300,2.800476374992286,2.2571422919863835,maximum generations reached,/Users/hannahkalager/72.27-Delivery-2/results/pilot_argentina_100/elite_one_point_gene_t20_p30_g300_653808404454/seed_5/triangles.json,"{""boltzmann_temperature"": 1.0, ""crossover_method"": ""one_point"", ""crossover_rate"": 0.9, ""extra"": {}, ""min_error"": null, ""mutation_method"": ""gene"", ""mutation_rate"": 0.05, ""n_generations"": 300, ""n_triangles"": 20, ""population_size"": 30, ""random_seed"": 5, ""selection_method"": ""elite"", ""survival_strategy"": ""additive"", ""target_image_path"": ""/Users/hannahkalager/72.27-Delivery-2/data/flag_100.png"", ""tournament_probability"": 0.75, ""tournament_size"": 3}"
elite_one_point_gene_t100_p30_g300_58134c689ba0,1,0.061426250449578945,0.9421285742428538,0.061426250449578945,297,300,8.892794125000364,8.319569582992699,maximum generations reached,/Users/hannahkalager/72.27-Delivery-2/results/pilot_argentina_100/elite_one_point_gene_t100_p30_g300_58134c689ba0/seed_1/triangles.json,"{""boltzmann_temperature"": 1.0, ""crossover_method"": ""one_point"", ""crossover_rate"": 0.9, ""extra"": {}, ""min_error"": null, ""mutation_method"": ""gene"", ""mutation_rate"": 0.05, ""n_generations"": 300, ""n_triangles"": 100, ""population_size"": 30, ""random_seed"": 1, ""selection_method"": ""elite"", ""survival_strategy"": ""additive"", ""target_image_path"": ""/Users/hannahkalager/72.27-Delivery-2/data/flag_100.png"", ""tournament_probability"": 0.75, ""tournament_size"": 3}"
elite_one_point_gene_t100_p30_g300_58134c689ba0,2,0.07320969767624529,0.9317843494754458,0.07320969767624529,300,300,8.076531458005775,7.529584707997856,maximum generations reached,/Users/hannahkalager/72.27-Delivery-2/results/pilot_argentina_100/elite_one_point_gene_t100_p30_g300_58134c689ba0/seed_2/triangles.json,"{""boltzmann_temperature"": 1.0, ""crossover_method"": ""one_point"", ""crossover_rate"": 0.9, ""extra"": {}, ""min_error"": null, ""mutation_method"": ""gene"", ""mutation_rate"": 0.05, ""n_generations"": 300, ""n_triangles"": 100, ""population_size"": 30, ""random_seed"": 2, ""selection_method"": ""elite"", ""survival_strategy"": ""additive"", ""target_image_path"": ""/Users/hannahkalager/72.27-Delivery-2/data/flag_100.png"", ""tournament_probability"": 0.75, ""tournament_size"": 3}"
elite_one_point_gene_t100_p30_g300_58134c689ba0,3,0.06035255918939366,0.9430825543199224,0.06035255918939366,300,300,8.011855834003654,7.462135334004415,maximum generations reached,/Users/hannahkalager/72.27-Delivery-2/results/pilot_argentina_100/elite_one_point_gene_t100_p30_g300_58134c689ba0/seed_3/triangles.json,"{""boltzmann_temperature"": 1.0, ""crossover_method"": ""one_point"", ""crossover_rate"": 0.9, ""extra"": {}, ""min_error"": null, ""mutation_method"": ""gene"", ""mutation_rate"": 0.05, ""n_generations"": 300, ""n_triangles"": 100, ""population_size"": 30, ""random_seed"": 3, ""selection_method"": ""elite"", ""survival_strategy"": ""additive"", ""target_image_path"": ""/Users/hannahkalager/72.27-Delivery-2/data/flag_100.png"", ""tournament_probability"": 0.75, ""tournament_size"": 3}"
elite_one_point_gene_t100_p30_g300_58134c689ba0,4,0.06063097402570558,0.9428349958557442,0.06063097402570558,300,300,7.9952784159977455,7.441698750000796,maximum generations reached,/Users/hannahkalager/72.27-Delivery-2/results/pilot_argentina_100/elite_one_point_gene_t100_p30_g300_58134c689ba0/seed_4/triangles.json,"{""boltzmann_temperature"": 1.0, ""crossover_method"": ""one_point"", ""crossover_rate"": 0.9, ""extra"": {}, ""min_error"": null, ""mutation_method"": ""gene"", ""mutation_rate"": 0.05, ""n_generations"": 300, ""n_triangles"": 100, ""population_size"": 30, ""random_seed"": 4, ""selection_method"": ""elite"", ""survival_strategy"": ""additive"", ""target_image_path"": ""/Users/hannahkalager/72.27-Delivery-2/data/flag_100.png"", ""tournament_probability"": 0.75, ""tournament_size"": 3}"
elite_one_point_gene_t100_p30_g300_58134c689ba0,5,0.0660971090523496,0.9380008551837241,0.0660971090523496,299,300,7.979918416007422,7.433071500010556,maximum generations reached,/Users/hannahkalager/72.27-Delivery-2/results/pilot_argentina_100/elite_one_point_gene_t100_p30_g300_58134c689ba0/seed_5/triangles.json,"{""boltzmann_temperature"": 1.0, ""crossover_method"": ""one_point"", ""crossover_rate"": 0.9, ""extra"": {}, ""min_error"": null, ""mutation_method"": ""gene"", ""mutation_rate"": 0.05, ""n_generations"": 300, ""n_triangles"": 100, ""population_size"": 30, ""random_seed"": 5, ""selection_method"": ""elite"", ""survival_strategy"": ""additive"", ""target_image_path"": ""/Users/hannahkalager/72.27-Delivery-2/data/flag_100.png"", ""tournament_probability"": 0.75, ""tournament_size"": 3}"
elite_one_point_gene_t50_p50_g300_cc7143c837a0,1,0.051202181956484884,0.951291784934095,0.051202181956484884,300,300,8.067473083996447,7.477115582994884,maximum generations reached,/Users/hannahkalager/72.27-Delivery-2/results/pilot_argentina_100/elite_one_point_gene_t50_p50_g300_cc7143c837a0/seed_1/triangles.json,"{""boltzmann_temperature"": 1.0, ""crossover_method"": ""one_point"", ""crossover_rate"": 0.9, ""extra"": {}, ""min_error"": null, ""mutation_method"": ""gene"", ""mutation_rate"": 0.05, ""n_generations"": 300, ""n_triangles"": 50, ""population_size"": 50, ""random_seed"": 1, ""selection_method"": ""elite"", ""survival_strategy"": ""additive"", ""target_image_path"": ""/Users/hannahkalager/72.27-Delivery-2/data/flag_100.png"", ""tournament_probability"": 0.75, ""tournament_size"": 3}"
elite_one_point_gene_t50_p50_g300_cc7143c837a0,2,0.04450180120962574,0.9573942321994192,0.04450180120962574,294,300,8.027393749987823,7.404223041012301,maximum generations reached,/Users/hannahkalager/72.27-Delivery-2/results/pilot_argentina_100/elite_one_point_gene_t50_p50_g300_cc7143c837a0/seed_2/triangles.json,"{""boltzmann_temperature"": 1.0, ""crossover_method"": ""one_point"", ""crossover_rate"": 0.9, ""extra"": {}, ""min_error"": null, ""mutation_method"": ""gene"", ""mutation_rate"": 0.05, ""n_generations"": 300, ""n_triangles"": 50, ""population_size"": 50, ""random_seed"": 2, ""selection_method"": ""elite"", ""survival_strategy"": ""additive"", ""target_image_path"": ""/Users/hannahkalager/72.27-Delivery-2/data/flag_100.png"", ""tournament_probability"": 0.75, ""tournament_size"": 3}"
elite_one_point_gene_t50_p50_g300_cc7143c837a0,3,0.052584045838449237,0.9500429005680371,0.052584045838449237,297,300,7.4957756670046365,6.951954542004387,maximum generations reached,/Users/hannahkalager/72.27-Delivery-2/results/pilot_argentina_100/elite_one_point_gene_t50_p50_g300_cc7143c837a0/seed_3/triangles.json,"{""boltzmann_temperature"": 1.0, ""crossover_method"": ""one_point"", ""crossover_rate"": 0.9, ""extra"": {}, ""min_error"": null, ""mutation_method"": ""gene"", ""mutation_rate"": 0.05, ""n_generations"": 300, ""n_triangles"": 50, ""population_size"": 50, ""random_seed"": 3, ""selection_method"": ""elite"", ""survival_strategy"": ""additive"", ""target_image_path"": ""/Users/hannahkalager/72.27-Delivery-2/data/flag_100.png"", ""tournament_probability"": 0.75, ""tournament_size"": 3}"
elite_one_point_gene_t50_p50_g300_cc7143c837a0,4,0.05110050063457809,0.9513838109641015,0.05110050063457809,297,300,7.71412324999983,7.116284874995472,maximum generations reached,/Users/hannahkalager/72.27-Delivery-2/results/pilot_argentina_100/elite_one_point_gene_t50_p50_g300_cc7143c837a0/seed_4/triangles.json,"{""boltzmann_temperature"": 1.0, ""crossover_method"": ""one_point"", ""crossover_rate"": 0.9, ""extra"": {}, ""min_error"": null, ""mutation_method"": ""gene"", ""mutation_rate"": 0.05, ""n_generations"": 300, ""n_triangles"": 50, ""population_size"": 50, ""random_seed"": 4, ""selection_method"": ""elite"", ""survival_strategy"": ""additive"", ""target_image_path"": ""/Users/hannahkalager/72.27-Delivery-2/data/flag_100.png"", ""tournament_probability"": 0.75, ""tournament_size"": 3}"
elite_one_point_gene_t50_p50_g300_cc7143c837a0,5,0.048664165560805814,0.9535941370373984,0.048664165560805814,299,300,8.288211666003917,7.657643083992298,maximum generations reached,/Users/hannahkalager/72.27-Delivery-2/results/pilot_argentina_100/elite_one_point_gene_t50_p50_g300_cc7143c837a0/seed_5/triangles.json,"{""boltzmann_temperature"": 1.0, ""crossover_method"": ""one_point"", ""crossover_rate"": 0.9, ""extra"": {}, ""min_error"": null, ""mutation_method"": ""gene"", ""mutation_rate"": 0.05, ""n_generations"": 300, ""n_triangles"": 50, ""population_size"": 50, ""random_seed"": 5, ""selection_method"": ""elite"", ""survival_strategy"": ""additive"", ""target_image_path"": ""/Users/hannahkalager/72.27-Delivery-2/data/flag_100.png"", ""tournament_probability"": 0.75, ""tournament_size"": 3}"
elite_one_point_gene_t50_p100_g300_3cee2b14d3c6,1,0.03636360043490304,0.9649123141534078,0.03636360043490304,300,300,14.107780999998795,13.547710041995742,maximum generations reached,/Users/hannahkalager/72.27-Delivery-2/results/pilot_argentina_100/elite_one_point_gene_t50_p100_g300_3cee2b14d3c6/seed_1/triangles.json,"{""boltzmann_temperature"": 1.0, ""crossover_method"": ""one_point"", ""crossover_rate"": 0.9, ""extra"": {}, ""min_error"": null, ""mutation_method"": ""gene"", ""mutation_rate"": 0.05, ""n_generations"": 300, ""n_triangles"": 50, ""population_size"": 100, ""random_seed"": 1, ""selection_method"": ""elite"", ""survival_strategy"": ""additive"", ""target_image_path"": ""/Users/hannahkalager/72.27-Delivery-2/data/flag_100.png"", ""tournament_probability"": 0.75, ""tournament_size"": 3}"
elite_one_point_gene_t50_p100_g300_3cee2b14d3c6,2,0.04118800213317459,0.9604413400377367,0.04118800213317459,297,300,14.120945458998904,13.411664208993898,maximum generations reached,/Users/hannahkalager/72.27-Delivery-2/results/pilot_argentina_100/elite_one_point_gene_t50_p100_g300_3cee2b14d3c6/seed_2/triangles.json,"{""boltzmann_temperature"": 1.0, ""crossover_method"": ""one_point"", ""crossover_rate"": 0.9, ""extra"": {}, ""min_error"": null, ""mutation_method"": ""gene"", ""mutation_rate"": 0.05, ""n_generations"": 300, ""n_triangles"": 50, ""population_size"": 100, ""random_seed"": 2, ""selection_method"": ""elite"", ""survival_strategy"": ""additive"", ""target_image_path"": ""/Users/hannahkalager/72.27-Delivery-2/data/flag_100.png"", ""tournament_probability"": 0.75, ""tournament_size"": 3}"
elite_one_point_gene_t50_p100_g300_3cee2b14d3c6,3,0.036548055545220406,0.9647406067189077,0.036548055545220406,297,300,14.750020457999199,13.79775625000184,maximum generations reached,/Users/hannahkalager/72.27-Delivery-2/results/pilot_argentina_100/elite_one_point_gene_t50_p100_g300_3cee2b14d3c6/seed_3/triangles.json,"{""boltzmann_temperature"": 1.0, ""crossover_method"": ""one_point"", ""crossover_rate"": 0.9, ""extra"": {}, ""min_error"": null, ""mutation_method"": ""gene"", ""mutation_rate"": 0.05, ""n_generations"": 300, ""n_triangles"": 50, ""population_size"": 100, ""random_seed"": 3, ""selection_method"": ""elite"", ""survival_strategy"": ""additive"", ""target_image_path"": ""/Users/hannahkalager/72.27-Delivery-2/data/flag_100.png"", ""tournament_probability"": 0.75, ""tournament_size"": 3}"
elite_one_point_gene_t50_p100_g300_3cee2b14d3c6,4,0.03596078844778477,0.9652875004065877,0.03596078844778477,300,300,14.803293916993425,13.933034374989802,maximum generations reached,/Users/hannahkalager/72.27-Delivery-2/results/pilot_argentina_100/elite_one_point_gene_t50_p100_g300_3cee2b14d3c6/seed_4/triangles.json,"{""boltzmann_temperature"": 1.0, ""crossover_method"": ""one_point"", ""crossover_rate"": 0.9, ""extra"": {}, ""min_error"": null, ""mutation_method"": ""gene"", ""mutation_rate"": 0.05, ""n_generations"": 300, ""n_triangles"": 50, ""population_size"": 100, ""random_seed"": 4, ""selection_method"": ""elite"", ""survival_strategy"": ""additive"", ""target_image_path"": ""/Users/hannahkalager/72.27-Delivery-2/data/flag_100.png"", ""tournament_probability"": 0.75, ""tournament_size"": 3}"
elite_one_point_gene_t50_p100_g300_3cee2b14d3c6,5,0.03828717242747827,0.9631246793332097,0.03828717242747827,299,300,14.140378625001176,13.50878575000388,maximum generations reached,/Users/hannahkalager/72.27-Delivery-2/results/pilot_argentina_100/elite_one_point_gene_t50_p100_g300_3cee2b14d3c6/seed_5/triangles.json,"{""boltzmann_temperature"": 1.0, ""crossover_method"": ""one_point"", ""crossover_rate"": 0.9, ""extra"": {}, ""min_error"": null, ""mutation_method"": ""gene"", ""mutation_rate"": 0.05, ""n_generations"": 300, ""n_triangles"": 50, ""population_size"": 100, ""random_seed"": 5, ""selection_method"": ""elite"", ""survival_strategy"": ""additive"", ""target_image_path"": ""/Users/hannahkalager/72.27-Delivery-2/data/flag_100.png"", ""tournament_probability"": 0.75, ""tournament_size"": 3}"
elite_one_point_gene_t50_p200_g300_dde8d7e0f718,1,0.032018200609360344,0.9689751589744686,0.032018200609360344,298,300,28.078310583005077,27.41024916600145,maximum generations reached,/Users/hannahkalager/72.27-Delivery-2/results/pilot_argentina_100/elite_one_point_gene_t50_p200_g300_dde8d7e0f718/seed_1/triangles.json,"{""boltzmann_temperature"": 1.0, ""crossover_method"": ""one_point"", ""crossover_rate"": 0.9, ""extra"": {}, ""min_error"": null, ""mutation_method"": ""gene"", ""mutation_rate"": 0.05, ""n_generations"": 300, ""n_triangles"": 50, ""population_size"": 200, ""random_seed"": 1, ""selection_method"": ""elite"", ""survival_strategy"": ""additive"", ""target_image_path"": ""/Users/hannahkalager/72.27-Delivery-2/data/flag_100.png"", ""tournament_probability"": 0.75, ""tournament_size"": 3}"
elite_one_point_gene_t50_p200_g300_dde8d7e0f718,2,0.028963864187884724,0.9718514272503199,0.028963864187884724,300,300,28.980096083003446,28.323929417005274,maximum generations reached,/Users/hannahkalager/72.27-Delivery-2/results/pilot_argentina_100/elite_one_point_gene_t50_p200_g300_dde8d7e0f718/seed_2/triangles.json,"{""boltzmann_temperature"": 1.0, ""crossover_method"": ""one_point"", ""crossover_rate"": 0.9, ""extra"": {}, ""min_error"": null, ""mutation_method"": ""gene"", ""mutation_rate"": 0.05, ""n_generations"": 300, ""n_triangles"": 50, ""population_size"": 200, ""random_seed"": 2, ""selection_method"": ""elite"", ""survival_strategy"": ""additive"", ""target_image_path"": ""/Users/hannahkalager/72.27-Delivery-2/data/flag_100.png"", ""tournament_probability"": 0.75, ""tournament_size"": 3}"
elite_one_point_gene_t50_p200_g300_dde8d7e0f718,3,0.024695473618500743,0.975899694831974,0.024695473618500743,300,300,29.07868683298875,28.42691345800995,maximum generations reached,/Users/hannahkalager/72.27-Delivery-2/results/pilot_argentina_100/elite_one_point_gene_t50_p200_g300_dde8d7e0f718/seed_3/triangles.json,"{""boltzmann_temperature"": 1.0, ""crossover_method"": ""one_point"", ""crossover_rate"": 0.9, ""extra"": {}, ""min_error"": null, ""mutation_method"": ""gene"", ""mutation_rate"": 0.05, ""n_generations"": 300, ""n_triangles"": 50, ""population_size"": 200, ""random_seed"": 3, ""selection_method"": ""elite"", ""survival_strategy"": ""additive"", ""target_image_path"": ""/Users/hannahkalager/72.27-Delivery-2/data/flag_100.png"", ""tournament_probability"": 0.75, ""tournament_size"": 3}"
elite_one_point_gene_t50_p200_g300_dde8d7e0f718,4,0.0338262256452233,0.9672805498582588,0.0338262256452233,297,300,27.573061207993305,26.935200250009075,maximum generations reached,/Users/hannahkalager/72.27-Delivery-2/results/pilot_argentina_100/elite_one_point_gene_t50_p200_g300_dde8d7e0f718/seed_4/triangles.json,"{""boltzmann_temperature"": 1.0, ""crossover_method"": ""one_point"", ""crossover_rate"": 0.9, ""extra"": {}, ""min_error"": null, ""mutation_method"": ""gene"", ""mutation_rate"": 0.05, ""n_generations"": 300, ""n_triangles"": 50, ""population_size"": 200, ""random_seed"": 4, ""selection_method"": ""elite"", ""survival_strategy"": ""additive"", ""target_image_path"": ""/Users/hannahkalager/72.27-Delivery-2/data/flag_100.png"", ""tournament_probability"": 0.75, ""tournament_size"": 3}"
elite_one_point_gene_t50_p200_g300_dde8d7e0f718,5,0.03389161571438611,0.967219372708649,0.03389161571438611,300,300,27.31800466599816,26.695194374988205,maximum generations reached,/Users/hannahkalager/72.27-Delivery-2/results/pilot_argentina_100/elite_one_point_gene_t50_p200_g300_dde8d7e0f718/seed_5/triangles.json,"{""boltzmann_temperature"": 1.0, ""crossover_method"": ""one_point"", ""crossover_rate"": 0.9, ""extra"": {}, ""min_error"": null, ""mutation_method"": ""gene"", ""mutation_rate"": 0.05, ""n_generations"": 300, ""n_triangles"": 50, ""population_size"": 200, ""random_seed"": 5, ""selection_method"": ""elite"", ""survival_strategy"": ""additive"", ""target_image_path"": ""/Users/hannahkalager/72.27-Delivery-2/data/flag_100.png"", ""tournament_probability"": 0.75, ""tournament_size"": 3}"
elite_one_point_gene_t50_p30_g300_0b4f51a08c48,1,0.06769781763010918,0.936594590236802,0.059740965633565256,147,300,4.978791375004221,4.360678625002038,maximum generations reached,/Users/hannahkalager/72.27-Delivery-2/results/pilot_argentina_100/elite_one_point_gene_t50_p30_g300_0b4f51a08c48/seed_1/triangles.json,"{""boltzmann_temperature"": 1.0, ""crossover_method"": ""one_point"", ""crossover_rate"": 0.9, ""extra"": {}, ""min_error"": null, ""mutation_method"": ""gene"", ""mutation_rate"": 0.05, ""n_generations"": 300, ""n_triangles"": 50, ""population_size"": 30, ""random_seed"": 1, ""selection_method"": ""elite"", ""survival_strategy"": ""exclusive"", ""target_image_path"": ""/Users/hannahkalager/72.27-Delivery-2/data/flag_100.png"", ""tournament_probability"": 0.75, ""tournament_size"": 3}"
elite_one_point_gene_t50_p30_g300_0b4f51a08c48,2,0.05984648666972587,0.9435328725221547,0.056348758335297004,211,300,4.858179166010814,4.31711475001066,maximum generations reached,/Users/hannahkalager/72.27-Delivery-2/results/pilot_argentina_100/elite_one_point_gene_t50_p30_g300_0b4f51a08c48/seed_2/triangles.json,"{""boltzmann_temperature"": 1.0, ""crossover_method"": ""one_point"", ""crossover_rate"": 0.9, ""extra"": {}, ""min_error"": null, ""mutation_method"": ""gene"", ""mutation_rate"": 0.05, ""n_generations"": 300, ""n_triangles"": 50, ""population_size"": 30, ""random_seed"": 2, ""selection_method"": ""elite"", ""survival_strategy"": ""exclusive"", ""target_image_path"": ""/Users/hannahkalager/72.27-Delivery-2/data/flag_100.png"", ""tournament_probability"": 0.75, ""tournament_size"": 3}"
elite_one_point_gene_t50_p30_g300_0b4f51a08c48,3,0.06939750633544584,0.9351059770344391,0.0650159260499477,261,300,4.913656582997646,4.327321167002083,maximum generations reached,/Users/hannahkalager/72.27-Delivery-2/results/pilot_argentina_100/elite_one_point_gene_t50_p30_g300_0b4f51a08c48/seed_3/triangles.json,"{""boltzmann_temperature"": 1.0, ""crossover_method"": ""one_point"", ""crossover_rate"": 0.9, ""extra"": {}, ""min_error"": null, ""mutation_method"": ""gene"", ""mutation_rate"": 0.05, ""n_generations"": 300, ""n_triangles"": 50, ""population_size"": 30, ""random_seed"": 3, ""selection_method"": ""elite"", ""survival_strategy"": ""exclusive"", ""target_image_path"": ""/Users/hannahkalager/72.27-Delivery-2/data/flag_100.png"", ""tournament_probability"": 0.75, ""tournament_size"": 3}"
elite_one_point_gene_t50_p30_g300_0b4f51a08c48,4,0.0659454932552823,0.9381342726503848,0.06157309471543202,191,300,4.8465859169955365,4.314194000005955,maximum generations reached,/Users/hannahkalager/72.27-Delivery-2/results/pilot_argentina_100/elite_one_point_gene_t50_p30_g300_0b4f51a08c48/seed_4/triangles.json,"{""boltzmann_temperature"": 1.0, ""crossover_method"": ""one_point"", ""crossover_rate"": 0.9, ""extra"": {}, ""min_error"": null, ""mutation_method"": ""gene"", ""mutation_rate"": 0.05, ""n_generations"": 300, ""n_triangles"": 50, ""population_size"": 30, ""random_seed"": 4, ""selection_method"": ""elite"", ""survival_strategy"": ""exclusive"", ""target_image_path"": ""/Users/hannahkalager/72.27-Delivery-2/data/flag_100.png"", ""tournament_probability"": 0.75, ""tournament_size"": 3}"
elite_one_point_gene_t50_p30_g300_0b4f51a08c48,5,0.05958130495715047,0.9437690107607551,0.05292627732096423,270,300,4.8562960409908555,4.296013375002076,maximum generations reached,/Users/hannahkalager/72.27-Delivery-2/results/pilot_argentina_100/elite_one_point_gene_t50_p30_g300_0b4f51a08c48/seed_5/triangles.json,"{""boltzmann_temperature"": 1.0, ""crossover_method"": ""one_point"", ""crossover_rate"": 0.9, ""extra"": {}, ""min_error"": null, ""mutation_method"": ""gene"", ""mutation_rate"": 0.05, ""n_generations"": 300, ""n_triangles"": 50, ""population_size"": 30, ""random_seed"": 5, ""selection_method"": ""elite"", ""survival_strategy"": ""exclusive"", ""target_image_path"": ""/Users/hannahkalager/72.27-Delivery-2/data/flag_100.png"", ""tournament_probability"": 0.75, ""tournament_size"": 3}"
elite_one_point_complete_t50_p30_g300_348e206b49d8,1,0.06538261628075225,0.9386299201041943,0.06538261628075225,34,300,4.882755999991787,4.326575082988711,maximum generations reached,/Users/hannahkalager/72.27-Delivery-2/results/pilot_argentina_100/elite_one_point_complete_t50_p30_g300_348e206b49d8/seed_1/triangles.json,"{""boltzmann_temperature"": 1.0, ""crossover_method"": ""one_point"", ""crossover_rate"": 0.9, ""extra"": {}, ""min_error"": null, ""mutation_method"": ""complete"", ""mutation_rate"": 0.05, ""n_generations"": 300, ""n_triangles"": 50, ""population_size"": 30, ""random_seed"": 1, ""selection_method"": ""elite"", ""survival_strategy"": ""additive"", ""target_image_path"": ""/Users/hannahkalager/72.27-Delivery-2/data/flag_100.png"", ""tournament_probability"": 0.75, ""tournament_size"": 3}"
elite_one_point_complete_t50_p30_g300_348e206b49d8,2,0.06582568491027024,0.9382397273379539,0.06582568491027024,294,300,4.7810909999971045,4.2335010829992825,maximum generations reached,/Users/hannahkalager/72.27-Delivery-2/results/pilot_argentina_100/elite_one_point_complete_t50_p30_g300_348e206b49d8/seed_2/triangles.json,"{""boltzmann_temperature"": 1.0, ""crossover_method"": ""one_point"", ""crossover_rate"": 0.9, ""extra"": {}, ""min_error"": null, ""mutation_method"": ""complete"", ""mutation_rate"": 0.05, ""n_generations"": 300, ""n_triangles"": 50, ""population_size"": 30, ""random_seed"": 2, ""selection_method"": ""elite"", ""survival_strategy"": ""additive"", ""target_image_path"": ""/Users/hannahkalager/72.27-Delivery-2/data/flag_100.png"", ""tournament_probability"": 0.75, ""tournament_size"": 3}"
elite_one_point_complete_t50_p30_g300_348e206b49d8,3,0.05850617504433779,0.9447276015731442,0.05850617504433779,129,300,4.792857417007326,4.246031917005894,maximum generations reached,/Users/hannahkalager/72.27-Delivery-2/results/pilot_argentina_100/elite_one_point_complete_t50_p30_g300_348e206b49d8/seed_3/triangles.json,"{""boltzmann_temperature"": 1.0, ""crossover_method"": ""one_point"", ""crossover_rate"": 0.9, ""extra"": {}, ""min_error"": null, ""mutation_method"": ""complete"", ""mutation_rate"": 0.05, ""n_generations"": 300, ""n_triangles"": 50, ""population_size"": 30, ""random_seed"": 3, ""selection_method"": ""elite"", ""survival_strategy"": ""additive"", ""target_image_path"": ""/Users/hannahkalager/72.27-Delivery-2/data/flag_100.png"", ""tournament_probability"": 0.75, ""tournament_size"": 3}"
elite_one_point_complete_t50_p30_g300_348e206b49d8,4,0.06090245025693179,0.9425937321172345,0.06090245025693179,141,300,4.762936416998855,4.219823208011803,maximum generations reached,/Users/hannahkalager/72.27-Delivery-2/results/pilot_argentina_100/elite_one_point_complete_t50_p30_g300_348e206b49d8/seed_4/triangles.json,"{""boltzmann_temperature"": 1.0, ""crossover_method"": ""one_point"", ""crossover_rate"": 0.9, ""extra"": {}, ""min_error"": null, ""mutation_method"": ""complete"", ""mutation_rate"": 0.05, ""n_generations"": 300, ""n_triangles"": 50, ""population_size"": 30, ""random_seed"": 4, ""selection_method"": ""elite"", ""survival_strategy"": ""additive"", ""target_image_path"": ""/Users/hannahkalager/72.27-Delivery-2/data/flag_100.png"", ""tournament_probability"": 0.75, ""tournament_size"": 3}"
elite_one_point_complete_t50_p30_g300_348e206b49d8,5,0.05435152898182254,0.9484502772672893,0.05435152898182254,72,300,4.757495583005948,4.220322167006088,maximum generations reached,/Users/hannahkalager/72.27-Delivery-2/results/pilot_argentina_100/elite_one_point_complete_t50_p30_g300_348e206b49d8/seed_5/triangles.json,"{""boltzmann_temperature"": 1.0, ""crossover_method"": ""one_point"", ""crossover_rate"": 0.9, ""extra"": {}, ""min_error"": null, ""mutation_method"": ""complete"", ""mutation_rate"": 0.05, ""n_generations"": 300, ""n_triangles"": 50, ""population_size"": 30, ""random_seed"": 5, ""selection_method"": ""elite"", ""survival_strategy"": ""additive"", ""target_image_path"": ""/Users/hannahkalager/72.27-Delivery-2/data/flag_100.png"", ""tournament_probability"": 0.75, ""tournament_size"": 3}"
elite_one_point_multigene_t50_p30_g300_05629e3e9f72,1,0.024699147970383598,0.9758961954644882,0.024699147970383598,300,300,4.8908952079946175,4.343222834009794,maximum generations reached,/Users/hannahkalager/72.27-Delivery-2/results/pilot_argentina_100/elite_one_point_multigene_t50_p30_g300_05629e3e9f72/seed_1/triangles.json,"{""boltzmann_temperature"": 1.0, ""crossover_method"": ""one_point"", ""crossover_rate"": 0.9, ""extra"": {}, ""min_error"": null, ""mutation_method"": ""multigene"", ""mutation_rate"": 0.05, ""n_generations"": 300, ""n_triangles"": 50, ""population_size"": 30, ""random_seed"": 1, ""selection_method"": ""elite"", ""survival_strategy"": ""additive"", ""target_image_path"": ""/Users/hannahkalager/72.27-Delivery-2/data/flag_100.png"", ""tournament_probability"": 0.75, ""tournament_size"": 3}"
elite_one_point_multigene_t50_p30_g300_05629e3e9f72,2,0.025513140934214713,0.9751215855596225,0.025513140934214713,299,300,4.859180375002325,4.321091292003985,maximum generations reached,/Users/hannahkalager/72.27-Delivery-2/results/pilot_argentina_100/elite_one_point_multigene_t50_p30_g300_05629e3e9f72/seed_2/triangles.json,"{""boltzmann_temperature"": 1.0, ""crossover_method"": ""one_point"", ""crossover_rate"": 0.9, ""extra"": {}, ""min_error"": null, ""mutation_method"": ""multigene"", ""mutation_rate"": 0.05, ""n_generations"": 300, ""n_triangles"": 50, ""population_size"": 30, ""random_seed"": 2, ""selection_method"": ""elite"", ""survival_strategy"": ""additive"", ""target_image_path"": ""/Users/hannahkalager/72.27-Delivery-2/data/flag_100.png"", ""tournament_probability"": 0.75, ""tournament_size"": 3}"
elite_one_point_multigene_t50_p30_g300_05629e3e9f72,3,0.025065934111363288,0.9755470030978124,0.025065934111363288,299,300,4.92930437499308,4.37445091700647,maximum generations reached,/Users/hannahkalager/72.27-Delivery-2/results/pilot_argentina_100/elite_one_point_multigene_t50_p30_g300_05629e3e9f72/seed_3/triangles.json,"{""boltzmann_temperature"": 1.0, ""crossover_method"": ""one_point"", ""crossover_rate"": 0.9, ""extra"": {}, ""min_error"": null, ""mutation_method"": ""multigene"", ""mutation_rate"": 0.05, ""n_generations"": 300, ""n_triangles"": 50, ""population_size"": 30, ""random_seed"": 3, ""selection_method"": ""elite"", ""survival_strategy"": ""additive"", ""target_image_path"": ""/Users/hannahkalager/72.27-Delivery-2/data/flag_100.png"", ""tournament_probability"": 0.75, ""tournament_size"": 3}"
elite_one_point_multigene_t50_p30_g300_05629e3e9f72,4,0.020757624238816334,0.9796644925828545,0.020757624238816334,299,300,4.875564375004615,4.327836958007538,maximum generations reached,/Users/hannahkalager/72.27-Delivery-2/results/pilot_argentina_100/elite_one_point_multigene_t50_p30_g300_05629e3e9f72/seed_4/triangles.json,"{""boltzmann_temperature"": 1.0, ""crossover_method"": ""one_point"", ""crossover_rate"": 0.9, ""extra"": {}, ""min_error"": null, ""mutation_method"": ""multigene"", ""mutation_rate"": 0.05, ""n_generations"": 300, ""n_triangles"": 50, ""population_size"": 30, ""random_seed"": 4, ""selection_method"": ""elite"", ""survival_strategy"": ""additive"", ""target_image_path"": ""/Users/hannahkalager/72.27-Delivery-2/data/flag_100.png"", ""tournament_probability"": 0.75, ""tournament_size"": 3}"
elite_one_point_multigene_t50_p30_g300_05629e3e9f72,5,0.025902871104165892,0.974751146688685,0.025902871104165892,300,300,4.843276834013523,4.310518749989569,maximum generations reached,/Users/hannahkalager/72.27-Delivery-2/results/pilot_argentina_100/elite_one_point_multigene_t50_p30_g300_05629e3e9f72/seed_5/triangles.json,"{""boltzmann_temperature"": 1.0, ""crossover_method"": ""one_point"", ""crossover_rate"": 0.9, ""extra"": {}, ""min_error"": null, ""mutation_method"": ""multigene"", ""mutation_rate"": 0.05, ""n_generations"": 300, ""n_triangles"": 50, ""population_size"": 30, ""random_seed"": 5, ""selection_method"": ""elite"", ""survival_strategy"": ""additive"", ""target_image_path"": ""/Users/hannahkalager/72.27-Delivery-2/data/flag_100.png"", ""tournament_probability"": 0.75, ""tournament_size"": 3}"
elite_one_point_uniform_t50_p30_g300_069fbfd0e9a1,1,0.022135907198637412,0.9783434795287594,0.022135907198637412,292,300,5.144276207996882,4.55969166700379,maximum generations reached,/Users/hannahkalager/72.27-Delivery-2/results/pilot_argentina_100/elite_one_point_uniform_t50_p30_g300_069fbfd0e9a1/seed_1/triangles.json,"{""boltzmann_temperature"": 1.0, ""crossover_method"": ""one_point"", ""crossover_rate"": 0.9, ""extra"": {}, ""min_error"": null, ""mutation_method"": ""uniform"", ""mutation_rate"": 0.05, ""n_generations"": 300, ""n_triangles"": 50, ""population_size"": 30, ""random_seed"": 1, ""selection_method"": ""elite"", ""survival_strategy"": ""additive"", ""target_image_path"": ""/Users/hannahkalager/72.27-Delivery-2/data/flag_100.png"", ""tournament_probability"": 0.75, ""tournament_size"": 3}"
elite_one_point_uniform_t50_p30_g300_069fbfd0e9a1,2,0.019099127300087226,0.9812588130158774,0.019099127300087226,299,300,4.867643332996522,4.333260917002917,maximum generations reached,/Users/hannahkalager/72.27-Delivery-2/results/pilot_argentina_100/elite_one_point_uniform_t50_p30_g300_069fbfd0e9a1/seed_2/triangles.json,"{""boltzmann_temperature"": 1.0, ""crossover_method"": ""one_point"", ""crossover_rate"": 0.9, ""extra"": {}, ""min_error"": null, ""mutation_method"": ""uniform"", ""mutation_rate"": 0.05, ""n_generations"": 300, ""n_triangles"": 50, ""population_size"": 30, ""random_seed"": 2, ""selection_method"": ""elite"", ""survival_strategy"": ""additive"", ""target_image_path"": ""/Users/hannahkalager/72.27-Delivery-2/data/flag_100.png"", ""tournament_probability"": 0.75, ""tournament_size"": 3}"
elite_one_point_uniform_t50_p30_g300_069fbfd0e9a1,3,0.01848666641862311,0.9818488871497659,0.01848666641862311,298,300,5.0595412499969825,4.486942583011114,maximum generations reached,/Users/hannahkalager/72.27-Delivery-2/results/pilot_argentina_100/elite_one_point_uniform_t50_p30_g300_069fbfd0e9a1/seed_3/triangles.json,"{""boltzmann_temperature"": 1.0, ""crossover_method"": ""one_point"", ""crossover_rate"": 0.9, ""extra"": {}, ""min_error"": null, ""mutation_method"": ""uniform"", ""mutation_rate"": 0.05, ""n_generations"": 300, ""n_triangles"": 50, ""population_size"": 30, ""random_seed"": 3, ""selection_method"": ""elite"", ""survival_strategy"": ""additive"", ""target_image_path"": ""/Users/hannahkalager/72.27-Delivery-2/data/flag_100.png"", ""tournament_probability"": 0.75, ""tournament_size"": 3}"
elite_one_point_uniform_t50_p30_g300_069fbfd0e9a1,4,0.020615579615780533,0.979800837820307,0.020615579615780533,300,300,4.924217042003875,4.3612395000091055,maximum generations reached,/Users/hannahkalager/72.27-Delivery-2/results/pilot_argentina_100/elite_one_point_uniform_t50_p30_g300_069fbfd0e9a1/seed_4/triangles.json,"{""boltzmann_temperature"": 1.0, ""crossover_method"": ""one_point"", ""crossover_rate"": 0.9, ""extra"": {}, ""min_error"": null, ""mutation_method"": ""uniform"", ""mutation_rate"": 0.05, ""n_generations"": 300, ""n_triangles"": 50, ""population_size"": 30, ""random_seed"": 4, ""selection_method"": ""elite"", ""survival_strategy"": ""additive"", ""target_image_path"": ""/Users/hannahkalager/72.27-Delivery-2/data/flag_100.png"", ""tournament_probability"": 0.75, ""tournament_size"": 3}"
elite_one_point_uniform_t50_p30_g300_069fbfd0e9a1,5,0.01621082627442712,0.984047772514038,0.01621082627442712,300,300,4.931220250000479,4.3747875839908374,maximum generations reached,/Users/hannahkalager/72.27-Delivery-2/results/pilot_argentina_100/elite_one_point_uniform_t50_p30_g300_069fbfd0e9a1/seed_5/triangles.json,"{""boltzmann_temperature"": 1.0, ""crossover_method"": ""one_point"", ""crossover_rate"": 0.9, ""extra"": {}, ""min_error"": null, ""mutation_method"": ""uniform"", ""mutation_rate"": 0.05, ""n_generations"": 300, ""n_triangles"": 50, ""population_size"": 30, ""random_seed"": 5, ""selection_method"": ""elite"", ""survival_strategy"": ""additive"", ""target_image_path"": ""/Users/hannahkalager/72.27-Delivery-2/data/flag_100.png"", ""tournament_probability"": 0.75, ""tournament_size"": 3}"
